{"cameraMode":{"drawMode":0,"name":"Shaded","section":"Shading Mode"},"sceneLighting":false,"audioPlay":false,"sceneViewState":{"showFog":false,"showMaterialUpdate":false,"showSkybox":false,"showFlares":false,"showImageEffects":false,"showParticleSystems":false},"in2DMode":false,"pivot":{"x":-36.314640045166019,"y":1.1299998760223389,"z":-1.7092463970184327},"rotation":{"x":-0.0006207825499586761,"y":-0.9859634041786194,"z":0.1669226586818695,"w":-0.0035580683033913376},"size":13.684093475341797,"orthographic":false}