{"cameraMode":{"drawMode":0,"name":"Shaded","section":"Shading Mode"},"sceneLighting":false,"audioPlay":false,"sceneViewState":{"showFog":false,"showMaterialUpdate":false,"showSkybox":false,"showFlares":false,"showImageEffects":false,"showParticleSystems":false},"in2DMode":false,"pivot":{"x":-0.6167764663696289,"y":1.7000000476837159,"z":2.9486241340637209},"rotation":{"x":0.16952592134475709,"y":0.66733717918396,"z":-0.15991176664829255,"w":0.7073544263839722},"size":13.014859199523926,"orthographic":false}