{"cameraMode":{"drawMode":0,"name":"Shaded","section":"Shading Mode"},"sceneLighting":false,"audioPlay":false,"sceneViewState":{"showFog":false,"showMaterialUpdate":false,"showSkybox":false,"showFlares":false,"showImageEffects":false,"showParticleSystems":false},"in2DMode":false,"pivot":{"x":-8.007377624511719,"y":1.297593116760254,"z":-4.579999923706055},"rotation":{"x":0.21939979493618012,"y":-0.6718446016311646,"z":0.2191634476184845,"w":0.6726484298706055},"size":18.692907333374025,"orthographic":false}