{"cameraMode":{"drawMode":0,"name":"Shaded","section":"Shading Mode"},"sceneLighting":false,"audioPlay":false,"sceneViewState":{"showFog":false,"showMaterialUpdate":false,"showSkybox":false,"showFlares":false,"showImageEffects":false,"showParticleSystems":false},"in2DMode":false,"pivot":{"x":4.230000019073486,"y":1.2999999523162842,"z":1.4099998474121094},"rotation":{"x":-0.4212527573108673,"y":0.4653289318084717,"z":-0.2682320475578308,"w":-0.7307986617088318},"size":4.995968818664551,"orthographic":true}