{"cameraMode":{"drawMode":0,"name":"Shaded","section":"Shading Mode"},"sceneLighting":false,"audioPlay":false,"sceneViewState":{"showFog":false,"showMaterialUpdate":false,"showSkybox":false,"showFlares":false,"showImageEffects":false,"showParticleSystems":false},"in2DMode":false,"pivot":{"x":5.960464477539063e-8,"y":1.7000000476837159,"z":-1.1920928955078126e-7},"rotation":{"x":-0.000878720311447978,"y":-0.9857054948806763,"z":0.16840028762817384,"w":-0.005035696551203728},"size":4.041658401489258,"orthographic":false}