{"cameraMode":{"drawMode":0,"name":"Shaded","section":"Shading Mode"},"sceneLighting":false,"audioPlay":false,"sceneViewState":{"showFog":false,"showMaterialUpdate":false,"showSkybox":false,"showFlares":false,"showImageEffects":false,"showParticleSystems":false},"in2DMode":false,"pivot":{"x":0.07879579067230225,"y":0.9416337013244629,"z":0.07069408893585205},"rotation":{"x":0.10918888449668884,"y":0.8740749359130859,"z":-0.2309345155954361,"w":0.41320711374282839},"size":12.515113830566407,"orthographic":false}