{"cameraMode":{"drawMode":0,"name":"Shaded","section":"Shading Mode"},"sceneLighting":false,"audioPlay":false,"sceneViewState":{"showFog":false,"showMaterialUpdate":false,"showSkybox":false,"showFlares":false,"showImageEffects":false,"showParticleSystems":false},"in2DMode":false,"pivot":{"x":-12.965436935424805,"y":-10.59498405456543,"z":0.2171323001384735},"rotation":{"x":-0.2234618067741394,"y":0.6777661442756653,"z":-0.2287592589855194,"w":-0.6620929837226868},"size":9.706974983215332,"orthographic":true}