{"cameraMode":{"drawMode":0,"name":"Shaded","section":"Shading Mode"},"sceneLighting":false,"audioPlay":false,"sceneViewState":{"showFog":false,"showMaterialUpdate":false,"showSkybox":false,"showFlares":false,"showImageEffects":false,"showParticleSystems":false},"in2DMode":false,"pivot":{"x":-39.91677474975586,"y":1.7000000476837159,"z":0.04862391948699951},"rotation":{"x":-0.4212527573108673,"y":0.4653289318084717,"z":-0.2682320475578308,"w":-0.7307986617088318},"size":16.896827697753908,"orthographic":true}