{"cameraMode":{"drawMode":0,"name":"Shaded","section":"Shading Mode"},"sceneLighting":true,"audioPlay":false,"sceneViewState":{"showFog":false,"showMaterialUpdate":false,"showSkybox":false,"showFlares":false,"showImageEffects":false,"showParticleSystems":false},"in2DMode":false,"pivot":{"x":-1.675065279006958,"y":1.5106741189956666,"z":4.054861068725586},"rotation":{"x":-0.02051735855638981,"y":0.7911995649337769,"z":-0.026612088084220887,"w":-0.6106340885162354},"size":0.09184765815734863,"orthographic":false}